Reference SFDC Data File Name,Master Type (Finnone/Manual),Finnone Master shared with PWC on 17-02-2025,SFDC Master Name,Rule - Primary / composite Key column,In which Category we need to add,Shoud not be empty
Dealer to Account Map,Finnone Master,lea_supplier_payment_dtl_m - 25-02-2025.xlsx,Account,AgencyCode__c,RecordType.Name = 'Business Account' AND Partner_Type__c = 'Dealer',"AgencyCode__c,BillingCity, BnfName__c,AccountNumber"
Dealer to Contact Map,Finnone Master,,Contact,AccountId,Account.RecordType.Name='Business Account' and Account.Partner_Type__c ='Dealer',LastName
Dealer to BankMaster Map,Finnone Master,,BankMstr__c,"Partner_Account__c, Bank_Ac_No__c,MICRCode__c,IFSC_Code__c,Bank_Name__c,Cash_Bank_Account__c,Cash_Bank_Acc_Desc__c,BankId__c,City_ID__c",RecordType.Name='Partner',"Name,Partner_Account__c,Partner_Account__r.AgencyCode__c, Bank_Ac_No__c,MICRCode__c,IFSC_Code__c,Data_Categorisation__c,Bank_Name__c,Cash_Bank_Account__c,BankId__c,City_ID__c,Disburse_To__c,Payment_Mode__c,FT_Mode__c"
Dealer to Branch Map,Finnone Master,lea_supplier_branch_link_m.xlsx,AgncLocMap__c,"Account__c,BankBrchMst__c",AgencyType__c ='Dealer' and Relation_Type__c ='DealerProductBranch',Relation_Type__c
Dealer to Manufacturer Map,Finnone Master,lea_supplier_manufac_link_m.xlsx,AgncLocMap__c,"Account__c,Manufacturer_ID__c",Relation_Type__c = 'DealerManufacturer' ,Relation_Type__c
Agency to Account Map,Manual Master,Agency details shared by Credit Team,Account,AgencyCode__c,Partner_Type__c = 'Agency',"Partner_Type__c ,Product__c ,Status__c ,AgencyCode__c"
Agency to Contact Map,,,Contact,AccountId,Account.Partner_Type__c = 'Agency',"Partner_Type__c ,Product__c ,Status__c ,AgencyCode__c"
Agency to User Map,,,user,"LastName, username, email,ContactId",profile.name= 'AgencyProfile' AND ISActive = true and Account.Partner_Type__c = 'Agency',"LastName, username, email,ContactId"
Agency to Branch Map,,,AgncLocMap__c,"Account__c,BankBrchMst__c",Account__r.Partner_Type__c = 'Agency',"ACCOUNT__C,ACCOUNT__r.Agencycode__c, AGENCYTYPE__C,BANKBRCHMST__C,BANKBRCHMST__r.BrchCode__c, CONTACT__C,ISACTIVE__C"
Finnone Bank Master Map,Finnone Master,PDC_BANK_MST.xlsx,BankMstr__c,"Name,Bank_Name__c,BankId__c,Bank_Address__c,Branch_Id__c,BankCode__c,Branch_Name__c,MICRCode__c,IFSC_Code__c,City_ID__c,City_Name__c",RecordType.Name='Finnone',Data_Categorisation__c
,Finnone Master,PDC_BANKBRANCH_MST.xlsx,,,,
,Finnone Master,PDC_CITY_MST.xlsx,,,,
,Finnone Master,PDC_MICR_MST.xlsx,,,,
Bank Master (NuPay Bank List),Manual Master,45. Nupay_BankList (1).xlsx,BankMstr__c,"Name,Bank_Name__c,BankId__c,BankCode__c,Bank_Mode__c",RecordType.Name='Mandate' and Data_Categorisation__c='NUPAY BANK',
Bank Master (CASH BANK ACCOUNT),Not consider at SFDC for TW Product,NBFC_BANK_M,BankMstr__c,"Name,Bank_Ac_No__c,Bank_Name__c,Bank_GL_Id__c,BankId__c",RecordType.Name = 'SMFG Bank Account',
Product Master (BU),Manual Master,NBFC_PRODUCT_M.xlsx,ProdMap__c,"Product_Name__c,Product_Code__c,ProdSubType__c,ProdType__c,Product_Desc__c,Product_Family__c,Product_Type__c",RecordType.Name = 'BU',
Product Master (TW Product),Manual Master,LEA_MODEL_M.xlsx,prodmap__c,"Product_Name__c,Product_Code__c, Parent_Product_Code__r.Product_Code__c , Product_Description_Make_Id__c			
 , toLabel(Product_Category__c) Catlabel, Product_Category__c,Product_Desc__c,Manufacturer_Id__c,Manufacturer_Name__c",RecordType.Name ='TW Product',
,Manual Master,lea_model_product_link_m.xlsx,,,,
,Manual Master,NBFC_MANUFACTURER_M.xlsx,,,,
,This is Picklist Vaue,LEA_CATG_M.xlsx,,,,
Branch Master,Finnone Master,LOS_SEC_OFFICE.xlsx,BankBrchMstr__c,"Name,Branch_Name__c,BrchCode__c",,
,Manual Master,PROD user details,,,,
Location Master,Finnone Master,NBFC_CITY_ZIPCODE_M.xlsx,LocMstr__c,"Name,ZipDesc__c,DistrictId__c,District_Code__c,City__c,CityId__c,City_Code__c,State__c,StateId__c,State_Code__c",,
,Finnone Master,LOS_MAS_CITY.xlsx,,,,
,Finnone Master,NBFC_STATE_M.xlsx,,,,
Branch to Location Map,Manual Master,Branch Wise Pin Code Master.xlsx,LocBrchJn__c,"BankBrchMstr__c,Location__r",,
Scheme Master,Finnone Master,LEA_SCHEME_M.xlsx,SchmGrp__c,"SCHID__c,SCHDESC__c",,"Name,SCHID__c,SCHDESC__c,Scheme_Currency__c,Scheme_Entity__c,Scheme_Prime_Type__c,Scheme_Frequency__c,DPERYR__c,INT_ROUNDOFF_PARA__c,INT_ROUNDTILL__c,INSTLAMT_ROUNDOFF_PARA__c,INSTLAMT_ROUNDTILL__c,IntRate__c,MaxAmtFin__c,MaxIntRate__c,MaxTenure__c,MinAmtFin__c,MinIntRate__c,MinTenure__c,Tenure__c,Instltype__c,Instlmode__c,Pdcflg__c,Scheme_Start_Date__c,Scheme_End_Date__c,Diff_Days_Method__c,Ioi_Applicable__c"
,Manual Master,Copy of 27. Scheme Code Mapped to Program.xlsx,,,,
Program Type Master with Scheme,Manual Master,Copy of 27. Scheme Code Mapped to Program.xlsx,Program_Type_Master__c,"Name,Program_Type_Code__c,Program_Type_Desc__c,Program_Type_Description__c,Scheme_Code__r.SCHID__c",,
Program Var Master with Prog. T,Manual Master,Copy of 27. Scheme Code Mapped to Program.xlsx,Program_Variant_Master__c,"Name,Program_Variant_Code__c,Program_Variant_Desc__c,Program_Variant_Description__c,Allow_Tenure_Decrease__c,Program_Type__r.Program_Type_Code__c",,
Document Master,Finnone Master,25. TW DOC ID & DOC TYPE_02-03-2025.xlsx,DocMstr__c ,"DocId__c,DOCTYPE__C,Stage__c",,
PD Ques (OPS Checklist),Manual Master,,PDQues__c,"QuesTtl__c,DocumentName__c,ProdTyp__c,RecordTypeId",RecordType.Name ='CheckList',
Charge Master (EMI Charges),Manual Master,NBFC_CHARGES_M.xlsx,ChargeMaster__c ,"Charge_Amount__c,ChargeCodeID__c,ChargeDesc__c,ChargeID__c,Charge_Rate__c",RecordType.Name = 'EMI Charges',
,Manual Master,48. Charges_For_TW_306_218_740_741.xlsx,,,,
Charge (EMI) to Scheme Map,Manual Master,,SchMapping__c ,"ChargeMaster__c,ChargeMaster__r.ChargeDesc__c,Product__c,Product__r.Product_Code__c,SchGroup__c,SchGroup__r.SCHID__c",Relation_Type__c ='Charge Scheme Product',
Charge Master (PS Pricing Grid),Manual Master,,ChargeMaster__c ,"Min_LTV__c,Max_LTV__c,Min_Bureau_Score__c,Max_Bureau_Score__c,BRE_Status__c,RAAC_Rate_OI__c,RAAC_PF__c,ROI_with_Approval__c,PF_with_Approval__c,ROI_without_Approval__c,PF_without_Approval__c,Stage__c",RecordType.Name='Pricing Grid Modifications',
Charge (PS PG) to Scheme Map,Manual Master,,SchMapping__c ,"ChargeMaster__r,SchGroup__r.SCHID__c,Product__r.Product_Code__c",Relation_Type__c = 'RAAC Scheme Product',"ChargeMaster__r.Min_LTV__c,ChargeMaster__r.Max_LTV__c,ChargeMaster__r.Min_Bureau_Score__c,ChargeMaster__r.Max_Bureau_Score__c,ChargeMaster__r.BRE_Status__c,ChargeMaster__r.RAAC_Rate_OI__c,ChargeMaster__r.RAAC_PF__c,ChargeMaster__r.ROI_with_Approval__c,
ChargeMaster__r.PF_with_Approval__c,ChargeMaster__r.ROI_without_Approval__c,ChargeMaster__r.PF_without_Approval__c,ChargeMaster__r.Stage__c,SchGroup__r.SCHID__c, SchGroup__r.Name, Product__r.Product_Code__c"
Product Scheme Branch Map,Manual Master,Branch Wise Pin Code Master.xlsx,SchMapping__c ,"Product__r.Product_Code__c,SchGroup__r.SCHID__c,SchGroup__r.Name,Branch__r.BrchCode__c",Relation_Type__c = 'Product Scheme Branch',
Generic Master (NBFC_LANG_M),Finnone Master,NBFC_LANGUAGE_M.xlsx,MasterData__c ,"FinnoneCode__c, FinnoneVal__c, SalesforceCode__c,Master_Table_Name__c, MiscField1__c ",Master_Table_Name__c = 'NBFC_LANGUAGE_M',
Generic Master (NBFC_CONST_M),Finnone Master,NBFC_CONST_M.xlsx,MasterData__c ,"Master_Table_Name__c,FinnoneCode__c, FinnoneVal__c",Master_Table_Name__c = 'NBFC_CONST_M',
Generic Master (LEA_SCHEME_DUE),Finnone Master,LEA_SCHEME_DUEDATE.xlsx,MasterData__c ,"Master_Table_Name__c,FinnoneCode__c,FinnoneVal__c,SchCode__c",Master_Table_Name__c ='LEA_SCHEME_DUEDATE',
Generic Master (lea_effective_PLR_UAT),Finnone Master,lea_effective_plr.xlsx,MasterData__c ,"Master_Table_Name__c,FinnoneCode__c,FinnoneVal__c,MiscField1__c",Master_Table_Name__c ='lea_effective_PLR_UAT' ,
Generic Master (REPAY_SCHEDULE),Manual Master,,MasterData__c ,"Key__c,Value__c,Name,Business_Unit__c,Type__c",Type__c  ='Repayment_Schedule',
Generic Master(LEA_SPREAD_M),Finnone Master,LEA_SPREAD_M.xlsx,MasterData__c ,"Master_Table_Name__c,FinnoneCode__c,FinnoneVal__c,Business_Unit__c",Master_Table_Name__c ='LEA_SPREAD_M',
Generic Master(LOS_MAS_REASON),Finnone Master,LOS_MAS_REASON.xlsx,MasterData__c ,"Business_Unit__c, Master_Table_Name__c, Type__c, FinnoneCode__c, FinnoneVal__c, ReasonCode__c, ReasonDesc__c",Master_Table_Name__c = 'LOS_MAS_REASON' AND RecordType.Name='Master',
Generic Master(LEA_CUSTOMER_CA),Finnone Master,LEA_CUSTOMER_CATG_M.xlsx,MasterData__c ,"Master_Table_Name__c, FinnoneCode__c,FinnoneVal__c, Business_Unit__c",Master_Table_Name__c = 'LEA_CUSTOMER_CATG_M',
Scheme Date Handling Map,Manual Master,No Finnone Master,SchMapping__c ,"SchGroup__r.SCHID__c,Disbursal_Date__c,Effective_Interest_Start_Date__c,First_EMI_Due_Date__c,EMI_Date__c,Customer_EMI_Start_Date__c,Moratorium_Grace_applicable__c",Relation_Type__c ='Scheme Disbursal',"If Moratorium_Grace_applicable__c (Y/N) below field value changes
Moratorium_Grace_period__c,Impact_on_Tenure__c,Charge_Interest__c,Add_Interest_in_Schedule__c "
Generic Master(DATE HANDLING),,,MasterData__c ,"Master_Table_Name__c,FinnoneCode__c,FinnoneVal__c,MiscField1__c,Business_Unit__c",Master_Table_Name__c ='Date Handling Master',
Generic Master(NBFC_INDUSTRY_M),Finnone Master,NBFC_INDUSTRY_M.xlsx,MasterData__c ,"Master_Table_Name__c,FinnoneCode__c,FinnoneVal__c,Type__c,SalesforceCode__c,Business_Unit__c",Type__c = 'Industry',
Generic Master(Deviation Level),,PROD user details,MasterData__c ,"Business_Unit__c,Level__c,ApprAmt__c,SchCode__c,Master_Table_Name__c,MiscField1__c",Master_Table_Name__c = 'Deviation_Sanction Authority Details',
Generic Master(CR_GENE_PARA1),Finnone Master,CR_GENE_PARA.xlsx,MasterData__c ,"FinnoneCode__c,FinnoneVal__c, Type__c,Parent_Record__r.FinnoneCode__c",Master_Table_Name__c = 'CR_GENE_PARA' AND RecordType.Name='Master' AND Type__c = 'Sub Industry' ,
Generic Master(CR_GENE_PARA2),,,MasterData__c ,"Value__c,Key__c,Type__c,Business_Unit__c",Master_Table_Name__c = 'CR_GENE_PARA' AND Type__c = 'Obligation Status',
Generic Master(CR_GENE_PARA3),,,MasterData__c ,"Value__c,Key__c,Type__c,Business_Unit__c",Master_Table_Name__c = 'CR_GENE_PARA' AND Type__c = 'Financier Name',
Generic Master(CR_GENE_PARA4),,,MasterData__c ,"FinnoneCode__c,FinnoneVal__c,Type__c,Business_Unit__c",Master_Table_Name__c = 'CR_GENE_PARA' AND Type__c = 'Profile Category',
Generic Master(CR_GENE_PARA5),,,MasterData__c ,"Master_Table_Name__c,Value__c,Type__c,Business_Unit__c,FinnoneCode__c",MasterData__c where Type__c = 'CFA' and Master_Table_Name__c='CR_GENE_PARA',
Generic Master(CR_GENE_PARA6),,,MasterData__c ,"Master_Table_Name__c,Key__c,Value__c,Type__c,Business_Unit__c",Type__c = 'Payment Frequency' and Master_Table_Name__c = 'CR_GENE_PARA',
Generic Master(CR_GENE_PARA7),,,MasterData__c ,"Master_Table_Name__c,Key__c,Value__c,Type__c,Business_Unit__c",Type__c = 'Obligation Source' and MASTER_TABLE_NAME__C = 'CR_GENE_PARA',
Generic Master(CR_GENE_PARA8),,,MasterData__c ,"Master_Table_Name__c,Key__c,Value__c,Type__c,Business_Unit__c",Type__c = 'Obligation Product' and Master_Table_Name__c='CR_GENE_PARA',
Generic Master(CR_GENE_PARA9),,,MasterData__c ,"Master_Table_Name__c,Key__c,Value__c,Type__c,Business_Unit__c",Type__c = 'Obligation Ownership' and Master_Table_Name__c = 'CR_GENE_PARA',
Generic Master (Sub_Ind_SelfEm),,CR_GENE_PARA.xlsx,MasterData__c ,Same as Generic Master(CR_GENE_PARA1),,
Generic Master(CR_GENE_PARA11),,,MasterData__c ,"FinnoneCode__c, FinnoneVal__c,Business_Unit__c",Type__c = '' and MASTER_TABLE_NAME__C = 'CR_GENE_PARA' and FinnoneCode__c ='PAYMODE',
Generic Master(CR_GENE_PARA12),,,MasterData__c ,"FinnoneCode__c,FinnoneVal__c,MiscField1__c,Business_Unit__c",FinnoneCode__c IN('APPREL') and Master_Table_Name__c = 'CR_GENE_PARA',
Generic Master(CR_GENE_PARA13),,,MasterData__c ,"FinnoneCode__c, Business_Unit__c, FinnoneVal__c, Type__c, Master_Table_Name__c",Type__c = 'DOWNSIZING' and MASTER_TABLE_NAME__C = 'CR_GENE_PARA' ,
Generic Master(CR_GENE_PARA14),,,MasterData__c ,"FinnoneCode__c,FinnoneVal__c,MiscField1__c,Business_Unit__c",MASTER_TABLE_NAME__C = 'CR_GENE_PARA' and FinnoneCode__c = 'TITLE',
Generic Master(CR_GENE_PARA15),,,MasterData__c ,"FinnoneCode__c,FinnoneVal__c,MiscField4__c,SalesforceCode__c,Business_Unit__c",MASTER_TABLE_NAME__C = 'CR_GENE_PARA' and FinnoneCode__c = 'DESTACCT',
Generic Master(CR_GENE_PARA16),,,MasterData__c ,"FinnoneCode__c, FinnoneVal__c, SalesforceCode__c, Business_Unit__c",MASTER_TABLE_NAME__C = 'CR_GENE_PARA' and FinnoneCode__c = 'RESTYP',
Generic Master(CR_GENE_PARA17),,,MasterData__c ,"FinnoneCode__c, FinnoneVal__c,MiscField1__c,  SalesforceCode__c, Business_Unit__c",MASTER_TABLE_NAME__C = 'CR_GENE_PARA' and FinnoneCode__c = 'IDPROOF',
Generic Master(CR_GENE_PARA18),,,MasterData__c ,"FinnoneCode__c, FinnoneVal__c,MiscField1__c,  SalesforceCode__c, Business_Unit__c",MASTER_TABLE_NAME__C = 'CR_GENE_PARA' and FinnoneCode__c = 'COAPPL',
Generic Master(CR_GENE_PARA19),,,MasterData__c ,"FinnoneCode__c,FinnoneVal__c,MiscField1__c,SalesforceCode__c,Business_Unit__c",MASTER_TABLE_NAME__C = 'CR_GENE_PARA' and FinnoneCode__c = 'MARITAL',
Generic Master(CR_GENE_PARA20),,,MasterData__c ,"FinnoneCode__c, FinnoneVal__c,MiscField1__c, SalesforceCode__c, Business_Unit__c",MASTER_TABLE_NAME__C = 'CR_GENE_PARA' and FinnoneCode__c = 'ADDPROOFCOLL',
Generic Master(CR_GENE_PARA21),,,MasterData__c ,"FinnoneCode__c, FinnoneVal__c,MiscField1__c, SalesforceCode__c, Business_Unit__c",MASTER_TABLE_NAME__C = 'CR_GENE_PARA' and FinnoneCode__c = 'ADDTYPE',
Generic Master(CR_GENE_PARA22),Manual Master,No Finnone Master,,,,
Generic Master(CR_GENE_PARA23),,,,,,
Generic Master(CR_GENE_PARA24),,,,,,
Sanction Condition Master,,,Sanction_Conditions_Master__c,,,
User,Manual Master,PROD user details,user ,"Username,Email,LastName,FirstName,ProfileId,Employee_Number__c",IsActive = true and Email LIKE '%smfgindia%',
TW Hierarchy,Manual Master,PROD user details,TeamHierarchy__c ,"EmployeEmail__c, EmpRole__c,EmpLevel__c,Employee__c, Hierarchy_Type__c,EmpBrch__r.BrchCode__c",IsActive__c = true,
Application (LOAN PURPOSE),"Finnone Master &
These are Picklist Value which get stamped in the TXN",CR_GENE_PARA.xlsx,Picklist,,,
Applicant(NATIONALITY),,,,,,
Applicant(CITIZEN),,,,,,
Applicant(EDU Qualification),,,,,,
Applicant(CUSTOMER CATEGORY),,,,,,
Applicant(CUSTOMER PROFILE CAT),,,,,,
Applicant(CUSTOMER PROFILE),,,MasterData__c ,"FINNONECODE__C,FINNONEVAL__C,TYPE__C,MASTER_TABLE_NAME__C",Type__c = 'Profile Category' and MASTER_TABLE_NAME__C = 'CR_GENE_PARA',
Applicant Emp (DESIGNATION),"Finnone Master &
These are Picklist Value which get stamped in the TXN",LEA_DESIGNATION_M.xlsx,Picklist,,,
Applicant Emp(NATUREOFBUSINESS),,LEA_NATURE_OF_BUSINESS_M.xlsx,,,,
Applicant Emp(EMPLOYMENT),,CR_GENE_PARA.xlsx,,,,
Applicant Emp(INCOMESOURCE),,,,,,
Applicant Emp((CREDITDAY),,,,,,
Applicant Emp((TYPEOFORG),,,,,,
Applicant Emp((EMPSTATUS),,,,,,
Applicant Asset(ASSET TYPE),,,,,,
Picklist_Insurance__c,,,,,,
CRM Masters (Loan Purpose),CRM Master,,MasterData__c ,"Key__c, Value__c,Type__c,Business_Unit__c",type__c = 'Loan Purpose',
CRM Masters (Residence Type),CRM Master,,MasterData__c ,"Key__c, Value__c,Type__c,Business_Unit__c",type__c = 'Residence Type',
CRM Masters (Status Code),CRM Master,,MasterData__c ,"Key__c, Value__c,Type__c,Business_Unit__c",type__c = 'Status Code',
CRM Masters (Channel),CRM Master,,MasterData__c ,"Key__c, Value__c,Type__c,Business_Unit__c",type__c  = 'Channel',
CRM Masters (Employment Type),CRM Master,,MasterData__c ,"Key__c, Value__c,Type__c,Business_Unit__c",type__c = 'Employment Type',
BRE and Bureau (Marital Status),BRE Master,,MasterData__c ,"Key__c, Value__c,Type__c,Business_Unit__c",type__c = 'Marital Status',
BRE and Bureau (Education Qualification),BRE Master,,MasterData__c ,"Key__c, Value__c,Type__c,Business_Unit__c",type__c = 'Education Qualification',
BRE and Bureau (Address Type),BRE Master,,MasterData__c ,"Key__c, Value__c,Type__c,Business_Unit__c",type__c = 'Address Type',
Deviation Masters with Deviation,Finnone Master,LOS_WFL_DEVIATION_DTL.xlsx,MasterData__c ,"Business_Unit__c, Level__c, ApprAmt__c, SchCode__c, Master_Table_Name__c, MiscField1__c",Master_Table_Name__c = 'Deviation_Sanction Authority Details',
UW Mitigation,Finnone Master,CR_GENE_PARA.xlsx,DeviaMstr__c ,"Devia_Desc_Text__c, Deviation_Category__c, IsActive__c, LWDD_Dev_DTL_Id__c, LWDD_Devi_Desc__c, LWDD_LRRM_RuleId__c, LWDD_LSR_RoleId__c, LWDD_LWD_DevId__c, LWDD_NPM_Prod__c, LWDD_Prio_N__c, SchemeId__c",RecordType.Name = 'Mitigation',
Deviation_Sanction Authority Details,Manual Master,,MasterData__c ,"Business_Unit__c, Level__c, ApprAmt__c, SchCode__c",Master_Table_Name__c = 'Deviation_Sanction Authority Details',
Employer Master,Finnone Master,LEA_EMPLOYER_M.xlsx,Employer__c ,"Name,EmployerId__c,Business_Unit__c",,
